{"f1": 0.2769230769230769, "acc": 0.5714285714285714, "precision_per_class": [0.75, 0.0, 0.0, 0.0, 0.0], "precision": 0.34615384615384615, "recall_per_class": [0.5, 0.0, 0.0, 0.0, 0.0], "recall": 0.23076923076923078}